ARI,NMI,AMI,HOM,COM,VMEASURE,n_clusters_pred,n_labels,n_obs,ASW_pred,ASW_label,method,label_key,resolution,cluster_key,representation,target_n_labels,abs_cluster_delta
0.18688818240179617,0.31626341661393303,0.3141183183249701,0.2372845710726923,0.47404747304804035,0.316263416613933,5,33,9215,0.31571123003959656,-0.18580949306488037,SpaMosaic,predicted.celltype,0.1,leiden_r0_100,embedding,33,28
0.20969174787626763,0.3279312108924453,0.3249026965303517,0.2583299684522589,0.448868919715685,0.32793121089244537,7,33,9215,0.2733358144760132,-0.18580949306488037,SpaMosaic,predicted.celltype,0.15,leiden_r0_150,embedding,33,26
0.21329098027037316,0.34954811928783647,0.3459129478083609,0.2963270537961105,0.4260716285558805,0.3495481192878364,9,33,9215,0.2822812795639038,-0.18580949306488037,SpaMosaic,predicted.celltype,0.2,leiden_r0_200,embedding,33,24
0.22244539629299204,0.3495984595305132,0.3455881903476747,0.3027081630702721,0.41367832864465354,0.3495984595305132,10,33,9215,0.2865871787071228,-0.18580949306488037,SpaMosaic,predicted.celltype,0.25,leiden_r0_250,embedding,33,23
0.20832256569662486,0.3383157616256167,0.33461868197011146,0.2870709525282497,0.4118314726783068,0.3383157616256166,9,33,9215,0.2605375349521637,-0.18580949306488037,SpaMosaic,predicted.celltype,0.3,leiden_r0_300,embedding,33,24
0.21902122094879944,0.34723684505020214,0.34324269816899516,0.30268701863076675,0.40716366551687266,0.34723684505020214,10,33,9215,0.2746944725513458,-0.18580949306488037,SpaMosaic,predicted.celltype,0.35,leiden_r0_350,embedding,33,23
0.22853894166115912,0.3608849563663353,0.3565381352388534,0.31564783244266115,0.42125755618956806,0.3608849563663353,11,33,9215,0.28036659955978394,-0.18580949306488037,SpaMosaic,predicted.celltype,0.4,leiden_r0_400,embedding,33,22
0.19750890188267498,0.3585752163923115,0.35387599780209417,0.3204085377995076,0.4070642147069365,0.35857521639231155,12,33,9215,0.26073530316352844,-0.18580949306488037,SpaMosaic,predicted.celltype,0.45,leiden_r0_450,embedding,33,21
0.19921062001819775,0.3558054262372805,0.3507153723167258,0.32200142702546625,0.39753947792306216,0.3558054262372805,13,33,9215,0.259536474943161,-0.18580949306488037,SpaMosaic,predicted.celltype,0.5,leiden_r0_500,embedding,33,20
0.198194503454836,0.3570712170168938,0.35168680490609605,0.3303450583654788,0.38850253438493226,0.35707121701689387,14,33,9215,0.23104742169380188,-0.18580949306488037,SpaMosaic,predicted.celltype,0.55,leiden_r0_550,embedding,33,19
0.2146210777807652,0.3610179466119521,0.3552780780948936,0.3338630533905323,0.39298124287983865,0.3610179466119521,15,33,9215,0.22992850840091705,-0.18580949306488037,SpaMosaic,predicted.celltype,0.6,leiden_r0_600,embedding,33,18
0.21576794267376198,0.3622604034996137,0.3565232180577251,0.3345476672711122,0.39497906096831353,0.36226040349961364,15,33,9215,0.2345811277627945,-0.18580949306488037,SpaMosaic,predicted.celltype,0.65,leiden_r0_650,embedding,33,18
0.20976211222641666,0.35737830333029386,0.35163190407037337,0.33182994419182504,0.3871888753246514,0.35737830333029397,15,33,9215,0.22998356819152832,-0.18580949306488037,SpaMosaic,predicted.celltype,0.7,leiden_r0_700,embedding,33,18
0.20969249441827503,0.3619797154131326,0.3555919694921678,0.34404839426038514,0.38188291908781624,0.3619797154131326,17,33,9215,0.2348337173461914,-0.18580949306488037,SpaMosaic,predicted.celltype,0.75,leiden_r0_750,embedding,33,16
0.20560189757678912,0.3594768898964186,0.35338913645993864,0.337086251474694,0.38505372264776055,0.35947688989641857,16,33,9215,0.22745473682880402,-0.18580949306488037,SpaMosaic,predicted.celltype,0.8,leiden_r0_800,embedding,33,17
0.2126695954576608,0.36362405106727275,0.357232694678945,0.3446706805168981,0.3847832009497727,0.36362405106727275,17,33,9215,0.22072219848632812,-0.18580949306488037,SpaMosaic,predicted.celltype,0.85,leiden_r0_850,embedding,33,16
0.21075978899172929,0.35930599785558615,0.3525409264014732,0.34463134499847975,0.37528594587175734,0.35930599785558615,18,33,9215,0.22315843403339386,-0.18580949306488037,SpaMosaic,predicted.celltype,0.9,leiden_r0_900,embedding,33,15
0.2111556900960592,0.3597071994669553,0.3532836319118062,0.3412944463141952,0.3802199755435606,0.3597071994669553,17,33,9215,0.22105570137500763,-0.18580949306488037,SpaMosaic,predicted.celltype,0.95,leiden_r0_950,embedding,33,16
0.21215337128766312,0.36154455827619947,0.35480300043966584,0.3467710049943457,0.3776329281353851,0.3615445582761994,18,33,9215,0.22437500953674316,-0.18580949306488037,SpaMosaic,predicted.celltype,1.0,leiden_r1_000,embedding,33,15
0.21320353508214843,0.3595117306365451,0.35275562159053975,0.3451178739214225,0.3751584937047387,0.35951173063654507,18,33,9215,0.2239162176847458,-0.18580949306488037,SpaMosaic,predicted.celltype,1.05,leiden_r1_050,embedding,33,15
0.200486401474497,0.36135325862959455,0.35429371223748285,0.35086974562703876,0.37248253244349316,0.36135325862959455,19,33,9215,0.20712822675704956,-0.18580949306488037,SpaMosaic,predicted.celltype,1.1,leiden_r1_100,embedding,33,14
0.21022145574981646,0.364656753687971,0.3573045641689111,0.3574647914820058,0.3721440532198656,0.364656753687971,20,33,9215,0.20479436218738556,-0.18580949306488037,SpaMosaic,predicted.celltype,1.15,leiden_r1_150,embedding,33,13
0.1897027182584161,0.35844495906087925,0.35099423814041036,0.35098198795097535,0.3662321971548903,0.35844495906087925,20,33,9215,0.2095463126897812,-0.18580949306488037,SpaMosaic,predicted.celltype,1.2,leiden_r1_200,embedding,33,13
0.20333419570157568,0.35952288189813647,0.351763206807294,0.3549242962044703,0.3642421951875658,0.35952288189813647,21,33,9215,0.19768251478672028,-0.18580949306488037,SpaMosaic,predicted.celltype,1.25,leiden_r1_250,embedding,33,12
0.19716893457104093,0.35881609023746114,0.3507432925661878,0.3581963380289841,0.35943799075662264,0.3588160902374612,22,33,9215,0.1907527893781662,-0.18580949306488037,SpaMosaic,predicted.celltype,1.3,leiden_r1_300,embedding,33,11
0.20116497660215818,0.3623595433341022,0.354336534891601,0.36192844013115344,0.36279167476023605,0.36235954333410214,22,33,9215,0.19363252818584442,-0.18580949306488037,SpaMosaic,predicted.celltype,1.35,leiden_r1_350,embedding,33,11
0.1874658604309554,0.360420913347666,0.35203390357308495,0.36299798306423,0.3578801770092881,0.360420913347666,23,33,9215,0.18789918720722198,-0.18580949306488037,SpaMosaic,predicted.celltype,1.4,leiden_r1_400,embedding,33,10
0.20071369678935033,0.3602671353240643,0.3515326558115363,0.3643213590605238,0.3563021505647404,0.3602671353240643,24,33,9215,0.19927993416786194,-0.18580949306488037,SpaMosaic,predicted.celltype,1.45,leiden_r1_450,embedding,33,9
0.19463915082895392,0.3576810788431994,0.3489267857060878,0.36379228001051034,0.35177180483585146,0.3576810788431994,24,33,9215,0.19597890973091125,-0.18580949306488037,SpaMosaic,predicted.celltype,1.5,leiden_r1_500,embedding,33,9
0.19135427113202919,0.35909851933297265,0.3496947202241775,0.36967676431391683,0.3491088229004585,0.3590985193329727,26,33,9215,0.18166734278202057,-0.18580949306488037,SpaMosaic,predicted.celltype,1.55,leiden_r1_550,embedding,33,7
0.17802715497910643,0.3579318323147168,0.3478657765238208,0.37318788731856783,0.34387413408218764,0.35793183231471676,28,33,9215,0.1885463148355484,-0.18580949306488037,SpaMosaic,predicted.celltype,1.6,leiden_r1_600,embedding,33,5
0.18087367116783604,0.3610581888412508,0.35101156499518765,0.37460450127644196,0.348457398476912,0.3610581888412508,28,33,9215,0.203834667801857,-0.18580949306488037,SpaMosaic,predicted.celltype,1.65,leiden_r1_650,embedding,33,5
0.16648168433253116,0.35860857140898433,0.34758298393473663,0.3794546826588737,0.3399336292442195,0.35860857140898433,31,33,9215,0.18210777640342712,-0.18580949306488037,SpaMosaic,predicted.celltype,1.7,leiden_r1_700,embedding,33,2
0.17506331372108655,0.3583059794620411,0.34791822804141576,0.375011510412022,0.3430253278757479,0.35830597946204107,29,33,9215,0.19343070685863495,-0.18580949306488037,SpaMosaic,predicted.celltype,1.75,leiden_r1_750,embedding,33,4
0.16278575481599955,0.3565724108152608,0.3451844814755907,0.37894509046543623,0.3366941973063937,0.3565724108152608,32,33,9215,0.17284518480300903,-0.18580949306488037,SpaMosaic,predicted.celltype,1.8,leiden_r1_800,embedding,33,1
0.17162889791405306,0.35989895004399847,0.3492052440287265,0.37844356886376773,0.34308689102243,0.35989895004399847,30,33,9215,0.17107875645160675,-0.18580949306488037,SpaMosaic,predicted.celltype,1.85,leiden_r1_850,embedding,33,3
0.1648388624251525,0.357001318768584,0.3459672273889287,0.37899938695434565,0.3374168070665478,0.35700131876858393,31,33,9215,0.1840943843126297,-0.18580949306488037,SpaMosaic,predicted.celltype,1.9,leiden_r1_900,embedding,33,2
0.16052475338878863,0.35790051804235296,0.34652781159994656,0.38025928812193366,0.33802506727390635,0.35790051804235296,32,33,9215,0.17219018936157227,-0.18580949306488037,SpaMosaic,predicted.celltype,1.95,leiden_r1_950,embedding,33,1
0.16278390685414057,0.35929260182527895,0.34795097323385926,0.3817057341015347,0.33936561182164515,0.3592926018252789,32,33,9215,0.1683771163225174,-0.18580949306488037,SpaMosaic,predicted.celltype,2.0,leiden_r2_000,embedding,33,1
0.2593925392731131,0.32371570752890055,0.3227157330466023,0.26704537838391446,0.4109174729541811,0.3237157075289006,5,14,9215,0.31571123003959656,-0.09207575023174286,SpaMosaic,ATAC_clusters,0.1,leiden_r0_100,embedding,14,9
0.2682418083344628,0.3267706426213842,0.3253504204320751,0.28546716673126665,0.3820481628481384,0.3267706426213842,7,14,9215,0.2733358144760132,-0.09207575023174286,SpaMosaic,ATAC_clusters,0.15,leiden_r0_150,embedding,14,7
0.25265436660320395,0.3363793800689201,0.33466726556443555,0.320059290550641,0.35445324599129446,0.3363793800689201,9,14,9215,0.2822812795639038,-0.09207575023174286,SpaMosaic,ATAC_clusters,0.2,leiden_r0_200,embedding,14,5
0.25213156503905937,0.33767642296826245,0.33579672192886506,0.32924210247549834,0.34655423496073395,0.33767642296826245,10,14,9215,0.2865871787071228,-0.09207575023174286,SpaMosaic,ATAC_clusters,0.25,leiden_r0_250,embedding,14,4
0.23696546636807017,0.32627959172283066,0.3245418174431268,0.31078264772670877,0.3434031317253618,0.3262795917228307,9,14,9215,0.2605375349521637,-0.09207575023174286,SpaMosaic,ATAC_clusters,0.3,leiden_r0_300,embedding,14,5
0.24354028435877936,0.3308714260576192,0.32899043125105454,0.32511068231045404,0.3368400055643263,0.3308714260576192,10,14,9215,0.2746944725513458,-0.09207575023174286,SpaMosaic,ATAC_clusters,0.35,leiden_r0_350,embedding,14,4
0.2557593853636924,0.3485160114543912,0.3464777269369595,0.34378179069134135,0.3533824428463981,0.34851601145439115,11,14,9215,0.28036659955978394,-0.09207575023174286,SpaMosaic,ATAC_clusters,0.4,leiden_r0_400,embedding,14,3
0.21929154663177244,0.34235731638382244,0.3401484283664576,0.3461123921780868,0.33868284593593323,0.34235731638382233,12,14,9215,0.26073530316352844,-0.09207575023174286,SpaMosaic,ATAC_clusters,0.45,leiden_r0_450,embedding,14,2
0.22031234072279146,0.33927394111783105,0.336883423370591,0.3480312134715851,0.3309465583043766,0.33927394111783105,13,14,9215,0.259536474943161,-0.09207575023174286,SpaMosaic,ATAC_clusters,0.5,leiden_r0_500,embedding,14,1
0.1994118123771488,0.3250203519782309,0.3224411006680766,0.34191632016858414,0.309715598750972,0.3250203519782309,14,14,9215,0.23104742169380188,-0.09207575023174286,SpaMosaic,ATAC_clusters,0.55,leiden_r0_550,embedding,14,0
0.22027988338585508,0.3358519277785738,0.3331082801484887,0.35314993130357375,0.32016937893866687,0.33585192777857387,15,14,9215,0.22992850840091705,-0.09207575023174286,SpaMosaic,ATAC_clusters,0.6,leiden_r0_600,embedding,14,1
0.22463379805100975,0.3378382932446218,0.33509795430224065,0.3546763248172652,0.3225265515844133,0.33783829324462183,15,14,9215,0.2345811277627945,-0.09207575023174286,SpaMosaic,ATAC_clusters,0.65,leiden_r0_650,embedding,14,1
0.20979032736924927,0.33133291685972793,0.3285856582551835,0.3500024268405898,0.3145542511125258,0.33133291685972793,15,14,9215,0.22998356819152832,-0.09207575023174286,SpaMosaic,ATAC_clusters,0.7,leiden_r0_700,embedding,14,1
0.19108232677904613,0.3246687429966812,0.3215730204104286,0.3522158387681376,0.3011180482239783,0.32466874299668125,17,14,9215,0.2348337173461914,-0.09207575023174286,SpaMosaic,ATAC_clusters,0.75,leiden_r0_750,embedding,14,3
0.19574418950636044,0.32557612327096497,0.3226350710308285,0.347810780493043,0.30601346214123665,0.32557612327096497,16,14,9215,0.22745473682880402,-0.09207575023174286,SpaMosaic,ATAC_clusters,0.8,leiden_r0_800,embedding,14,2
0.19202843777449966,0.3231954965113972,0.3200815004102292,0.3495321720859621,0.3005495789479688,0.3231954965113971,17,14,9215,0.22072219848632812,-0.09207575023174286,SpaMosaic,ATAC_clusters,0.85,leiden_r0_850,embedding,14,3
0.1848059831737715,0.3234881908660049,0.32022171343356437,0.354587017296088,0.2974045187178875,0.3234881908660049,18,14,9215,0.22315843403339386,-0.09207575023174286,SpaMosaic,ATAC_clusters,0.9,leiden_r0_900,embedding,14,4
0.19247905907895574,0.32315794742103243,0.3200479276340221,0.3498840078157364,0.3002251064036831,0.32315794742103243,17,14,9215,0.22105570137500763,-0.09207575023174286,SpaMosaic,ATAC_clusters,0.95,leiden_r0_950,embedding,14,3
0.18463803621078867,0.3228891435760683,0.3196196931216747,0.3539217139941418,0.2968598707740903,0.3228891435760683,18,14,9215,0.22437500953674316,-0.09207575023174286,SpaMosaic,ATAC_clusters,1.0,leiden_r1_000,embedding,14,4
0.18205425041646983,0.320398373661304,0.3171208036333603,0.3515347810937205,0.2943288533992094,0.320398373661304,18,14,9215,0.2239162176847458,-0.09207575023174286,SpaMosaic,ATAC_clusters,1.05,leiden_r1_050,embedding,14,4
0.17074525560998394,0.3214387671529742,0.3180151958005907,0.3572775363990369,0.2921345392761117,0.32143876715297415,19,14,9215,0.20712822675704956,-0.09207575023174286,SpaMosaic,ATAC_clusters,1.1,leiden_r1_100,embedding,14,5
0.17462667027350018,0.31985174479033046,0.31626403040468326,0.3593711284799476,0.28816298950404456,0.31985174479033046,20,14,9215,0.20479436218738556,-0.09207575023174286,SpaMosaic,ATAC_clusters,1.15,leiden_r1_150,embedding,14,6
0.16418176212421057,0.31951183274062217,0.3159155586222667,0.3585337948533986,0.28815024782248677,0.3195118327406222,20,14,9215,0.2095463126897812,-0.09207575023174286,SpaMosaic,ATAC_clusters,1.2,leiden_r1_200,embedding,14,6
0.1711698931858284,0.31982766455316763,0.3160747786573253,0.36222241129869626,0.28631694319254897,0.31982766455316763,21,14,9215,0.19768251478672028,-0.09207575023174286,SpaMosaic,ATAC_clusters,1.25,leiden_r1_250,embedding,14,7
0.15620971038538342,0.31652101177987263,0.31260845863801984,0.363023988196817,0.2805791314688925,0.31652101177987263,22,14,9215,0.1907527893781662,-0.09207575023174286,SpaMosaic,ATAC_clusters,1.3,leiden_r1_300,embedding,14,8
0.1564087594755889,0.31602508622463626,0.3121125635212066,0.36267574059643476,0.2800079193585038,0.31602508622463626,22,14,9215,0.19363252818584442,-0.09207575023174286,SpaMosaic,ATAC_clusters,1.35,leiden_r1_350,embedding,14,8
0.15038211091554252,0.3157835349442297,0.31171577937120853,0.36581779112693064,0.2777892665790815,0.3157835349442297,23,14,9215,0.18789918720722198,-0.09207575023174286,SpaMosaic,ATAC_clusters,1.4,leiden_r1_400,embedding,14,9
0.1504129444594048,0.31243676383457486,0.30817621800881184,0.3636051856571099,0.2738930960686844,0.31243676383457486,24,14,9215,0.19927993416786194,-0.09207575023174286,SpaMosaic,ATAC_clusters,1.45,leiden_r1_450,embedding,14,10
0.14755210885635547,0.3120984468544213,0.30786431013473287,0.3655747095329935,0.2722706940694087,0.3120984468544213,24,14,9215,0.19597890973091125,-0.09207575023174286,SpaMosaic,ATAC_clusters,1.5,leiden_r1_500,embedding,14,10
0.13772010273263316,0.3111688500707423,0.3066108665016618,0.36948415792396955,0.26875199652642145,0.31116885007074235,26,14,9215,0.18166734278202057,-0.09207575023174286,SpaMosaic,ATAC_clusters,1.55,leiden_r1_550,embedding,14,12
0.1279346563500432,0.3078580775466177,0.3029717230987165,0.3708149694078184,0.2631760927816372,0.30785807754661776,28,14,9215,0.1885463148355484,-0.09207575023174286,SpaMosaic,ATAC_clusters,1.6,leiden_r1_600,embedding,14,14
0.13666207182980278,0.31321168872103905,0.308334973472452,0.37518767581858936,0.2688081729999697,0.313211688721039,28,14,9215,0.203834667801857,-0.09207575023174286,SpaMosaic,ATAC_clusters,1.65,leiden_r1_650,embedding,14,14
0.12187172739654098,0.30954832905872964,0.3042053431850877,0.3790833443826951,0.2615689110547922,0.3095483290587297,31,14,9215,0.18210777640342712,-0.09207575023174286,SpaMosaic,ATAC_clusters,1.7,leiden_r1_700,embedding,14,17
0.12642223581798445,0.3077439401955277,0.3026922155357884,0.3722760352204416,0.2622792159448958,0.3077439401955277,29,14,9215,0.19343070685863495,-0.09207575023174286,SpaMosaic,ATAC_clusters,1.75,leiden_r1_750,embedding,14,15
0.11793440286021341,0.30614296401607416,0.3006160557588439,0.37674663008924725,0.2578255362922874,0.30614296401607416,32,14,9215,0.17284518480300903,-0.09207575023174286,SpaMosaic,ATAC_clusters,1.8,leiden_r1_800,embedding,14,18
0.12419081640352406,0.3110032118678506,0.3058175224451087,0.3781987650560975,0.2640829167299206,0.3110032118678506,30,14,9215,0.17107875645160675,-0.09207575023174286,SpaMosaic,ATAC_clusters,1.85,leiden_r1_850,embedding,14,16
0.11928882608921919,0.3060992305228289,0.300749546158295,0.3762458334465212,0.2579984576841846,0.30609923052282895,31,14,9215,0.1840943843126297,-0.09207575023174286,SpaMosaic,ATAC_clusters,1.9,leiden_r1_900,embedding,14,17
0.11985164911572348,0.30737644041405415,0.3018573575445163,0.37815614815249027,0.25891514169463653,0.3073764404140541,32,14,9215,0.17219018936157227,-0.09207575023174286,SpaMosaic,ATAC_clusters,1.95,leiden_r1_950,embedding,14,18
0.11938464488625229,0.3071899549383551,0.3016693281378249,0.37789052849200466,0.25877502672194314,0.3071899549383551,32,14,9215,0.1683771163225174,-0.09207575023174286,SpaMosaic,ATAC_clusters,2.0,leiden_r2_000,embedding,14,18
