Gene,Peak,Distance
Ppp1r14c,chr10:3940880-3941778,574823.0
Plekhg1,chr10:3940880-3941778,200516.0
Zbtb2,chr10:4346516-4347403,20559.0
Vip,chr10:5437708-5438495,201510.0
Ltv1,chr10:13289339-13290225,111199.0
Vta1,chr10:13874755-13875587,780000.0
Map7,chr10:20585839-20586649,437368.0
Ahi1,chr10:20632088-20632897,320459.0
Hbs1l,chr10:21342202-21343031,46223.0
Rps12,chr10:23674458-23675361,110725.0
Slc18b1,chr10:23674458-23675361,122528.0
Enpp1,chr10:24823292-24824155,185378.0
Lama2,chr10:26950225-26951054,29811.0
Hint3,chr10:30655452-30656325,47311.0
Hddc2,chr10:30655452-30656325,657931.0
Rwdd1,chr10:34663768-34664618,667213.0
Lama4,chr10:38847898-38848553,117617.0
Mical1,chr10:41926467-41927334,450153.0
Cep57l1,chr10:41926467-41927334,207627.0
Hsf2,chr10:59899279-59900197,2412894.0
Smpdl3a,chr10:59899279-59900197,2104944.0
Ascc1,chr10:59936009-59936809,66796.0
Aifm2,chr10:61679831-61680718,35432.0
Supv3l1,chr10:63156681-63157608,727472.0
Sirt1,chr10:63156681-63157608,162324.0
Ank3,chr10:68606711-68607499,792062.0
Tfam,chr10:71476490-71477331,251026.0
Pcbp3,chr10:76816367-76817160,54510.0
Mier2,chr10:79575378-79576222,35133.0
Wdr18,chr10:79592219-79593058,367933.0
Cnn2,chr10:79592219-79593058,396365.0
Ndufs7,chr10:80883744-80884619,634623.0
Jsrp1,chr10:80883744-80884619,75248.0
Lingo3,chr10:80883744-80884619,50943.0
Gadd45b,chr10:80883744-80884619,46329.0
Mrpl54,chr10:80883744-80884619,380969.0
Mfsd12,chr10:80883744-80884619,473747.0
Gm10778,chr10:80883744-80884619,765315.0
Zfp433,chr10:80883744-80884619,821081.0
Gm4767,chr10:82698681-82699528,886495.0
Appl2,chr10:83543539-83544470,56494.0
Atp2b1,chr10:99262826-99263645,348420.0
Osbpl8,chr10:111422395-111423309,257643.0
Thap2,chr10:115664267-115665113,295863.0
Nup107,chr10:118057556-118058434,306935.0
Kif5a,chr10:126952699-126953630,272997.0
R3hdm2,chr10:127730078-127730962,349751.0
Naca,chr10:127955948-127956795,79627.0
Esyt1,chr10:127955948-127956795,554017.0
Sarnp,chr10:127955948-127956795,861385.0
Eif4enif1,chr11:3266008-3266896,63616.0
Pes1,chr11:3396296-3397205,567679.0
Ccdc157,chr11:4619897-4620738,478774.0
Camk2b,chr11:6048273-6048848,78629.0
Ddx56,chr11:6109864-6110596,149055.0
Ddc,chr11:12578888-12579785,764787.0
Vstm2a,chr11:12578888-12579785,3678836.0
Wdr92,chr11:21051432-21052312,3869325.0
C1d,chr11:21051432-21052312,3793853.0
Meis1,chr11:21051432-21052312,2171615.0
Otx1,chr11:22811208-22812065,816444.0
Pus10,chr11:24315925-24316718,650251.0
Papolg,chr11:24315925-24316718,453279.0
Acyp2,chr11:30275262-30276168,230729.0
Chac2,chr11:31613957-31614760,637250.0
Asb3,chr11:30275262-30276168,610154.0
Sh3pxd2b,chr11:31613957-31614760,733863.0
Adra1b,chr11:45007861-45008742,1233255.0
Gfpt2,chr11:50403211-50404078,609033.0
Rnf130,chr11:50403211-50404078,377865.0
Zfp354a,chr11:50717279-50718181,341978.0
Skp1a,chr11:52446963-52447796,214968.0
Vdac1,chr11:52446963-52447796,86103.0
Gm12212,chr11:52446963-52447796,1015416.0
Shroom1,chr11:52446963-52447796,1010242.0
Atox1,chr11:56574863-56575789,1128222.0
Mrpl22,chr11:57396087-57396958,775574.0
Obscn,chr11:60397010-60397811,1402754.0
Tnfrsf13b,chr11:61150444-61151188,23689.0
Ncor1,chr11:63004584-63005390,688158.0
Trpv2,chr11:63004584-63005390,430098.0
Myh10,chr11:69118569-69119171,427010.0
Rpl26,chr11:69118569-69119171,216986.0
Trappc1,chr11:69118569-69119171,205411.0
Cyb5d1,chr11:69118569-69119171,273356.0
Tmem88,chr11:69118569-69119171,277950.0
Acadvl,chr11:70188987-70189842,178804.0
Eno3,chr11:70516139-70516981,141063.0
Rpain,chr11:70516139-70516981,454074.0
Txndc17,chr11:72501955-72502788,294408.0
Ube2g1,chr11:72501955-72502788,105328.0
Emc6,chr11:73104265-73105141,71254.0
Dph1,chr11:76290181-76291017,1112538.0
Rpa1,chr11:76290181-76291017,992015.0
Vps53,chr11:76290181-76291017,243955.0
Vtn,chr11:79065505-79066368,566414.0
Ddx52,chr11:83556110-83556970,385952.0
Spag9,chr11:93856084-93856980,140007.0
Luc7l3,chr11:93856084-93856980,431806.0
Mrpl27,chr11:94928569-94929461,274802.0
Kat7,chr11:94928569-94929461,345690.0
Phb,chr11:95791458-95792333,124501.0
Sp2,chr11:97072307-97073211,118966.0
Psmb3,chr11:98080188-98081061,376789.0
Nr1d1,chr11:98509136-98509985,258796.0
Casc3,chr11:98509136-98509985,295769.0
Slc25a39,chr11:102338446-102339260,64539.0
Gfap,chr11:102898118-102899026,10782.0
Mapt,chr11:104246125-104246974,14735.0
Myl4,chr11:104246125-104246974,304538.0
Kpna2,chr11:107027636-107028546,39007.0
Cog1,chr11:113803223-113803928,154054.0
D11Wsu47e,chr11:113803223-113803928,118811.0
Cdc42ep4,chr11:113803223-113803928,76373.0
Kif19a,chr11:114536863-114537749,228525.0
Caskin2,chr11:115419652-115420519,379531.0
Mxra7,chr11:116914200-116914816,111138.0
Rbfox3,chr11:117949359-117950197,540403.0
Dus1l,chr11:120833607-120834468,44406.0
Ccdc57,chr11:120833607-120834468,7078.0
Naa38,chr11:69118569-69119171,276918.0
Pfn4,chr12:4401467-4402390,367555.0
Fkbp1b,chr12:4401467-4402390,431707.0
Ttc32,chr12:9166089-9166740,136092.0
Ddx1,chr12:13214604-13215472,2369.0
E2f6,chr12:17148629-17149506,337666.0
Cpsf3,chr12:25219706-25220529,3934315.0
Trappc12,chr12:28800010-28800869,109382.0
Myt1l,chr12:29644527-29645257,116143.0
Dld,chr12:31343260-31344153,11983.0
Cbll1,chr12:31343260-31344153,141569.0
Nampt,chr12:32987915-32988859,168370.0
Dgkb,chr12:33333604-33334519,4484122.0
Zfp277,chr12:44803947-44804797,4488901.0
Coch,chr12:52389432-52390056,796091.0
Gemin2,chr12:56241486-56242381,2771907.0
Trappc6b,chr12:56241486-56242381,2801606.0
Rps29,chr12:69474654-69475574,316932.0
Atl1,chr12:69646223-69647113,246391.0
Dact1,chr12:71840283-71841177,530399.0
Rtn1,chr12:72304954-72305763,93202.0
Dhrs7,chr12:72304954-72305763,345399.0
Rhoj,chr12:75308174-75308913,148.0
Atp6v1d,chr12:79488513-79489392,647788.0
Plekhd1,chr12:80795077-80795957,102486.0
Cox16,chr12:81055019-81055892,304007.0
Npc2,chr12:84545779-84546646,208783.0
Nek9,chr12:85169321-85170077,130193.0
Ift43,chr12:86158636-86159305,76095.0
Gstz1,chr12:86931970-86932865,215195.0
Samd15,chr12:86931970-86932865,267753.0
Vipas39,chr12:86931970-86932865,306898.0
Ston2,chr12:91672243-91673087,39234.0
Calm1,chr12:100242043-100242907,42608.0
Ccdc88c,chr12:100586491-100587301,325032.0
Ifi27,chr12:103202566-103203425,231645.0
Eml1,chr12:108395846-108396715,24889.0
Hsp90aa1,chr12:111425106-111425746,734501.0
Adssl1,chr12:112742857-112743712,122812.0
Btbd6,chr12:112742857-112743712,233625.0
Brf1,chr12:112742857-112743712,217228.0
Vipr2,chr12:116315169-116316035,237443.0
Rapgef5,chr12:116948290-116949193,568189.0
Ryr2,chr13:14063083-14063957,2509981.0
Actn2,chr13:14063083-14063957,1793657.0
Lgals8,chr13:14063083-14063957,1623668.0
Gpr137b,chr13:14063083-14063957,705463.0
B3galnt2,chr13:14063083-14063957,108614.0
Stard3nl,chr13:18956821-18957762,400855.0
Cdkal1,chr13:29370667-29371529,178921.0
Prpf4b,chr13:34248877-34249799,626425.0
Riok1,chr13:36265059-36265950,1771936.0
Phactr1,chr13:42593258-42594154,87365.0
Tbc1d7,chr13:42593258-42594154,558482.0
Dtnbp1,chr13:45108662-45109457,186587.0
Kdm1b,chr13:47700525-47701431,657026.0
Spin1,chr13:49681667-49682553,1419213.0
Gadd45g,chr13:53233126-53234020,1386448.0
Slc35d2,chr13:64740444-64741304,644136.0
Ctsl,chr13:64740444-64741304,381107.0
Srd5a1,chr13:69372900-69373760,200549.0
Zfp825,chr13:72198434-72199250,2281620.0
Ttc37,chr13:72198434-72199250,3900300.0
Arsb,chr13:93612660-93613570,158970.0
Ap3b1,chr13:94375646-94376514,16686.0
Wdr41,chr13:94474321-94475182,502023.0
Trim23,chr13:105188412-105189267,1009615.0
Srek1ip1,chr13:105188412-105189267,395928.0
Ipo11,chr13:105188412-105189267,1606027.0
Ndufs4,chr13:114199692-114200533,88103.0
Mocs2,chr13:114199692-114200533,618544.0
Gm3020,chr14:4334134-4335072,682104.0
Synpr,chr14:11474904-11475827,1809876.0
Ngly1,chr14:20778221-20779096,4528941.0
Vdac2,chr14:21439530-21440419,385708.0
Comtd1,chr14:21439530-21440419,406325.0
Tmem254c,chr14:27105714-27106635,1041795.0
Cacna2d3,chr14:27957598-27958495,947345.0
Itih3,chr14:29946518-29947392,962054.0
Sh3bp5,chr14:29946518-29947392,1413362.0
Fermt2,chr14:44087315-44088210,1371480.0
Apex1,chr14:52010235-52011128,1085267.0
Dad1,chr14:54001786-54002684,233693.0
Mrpl52,chr14:54001786-54002684,425123.0
Rem2,chr14:54001786-54002684,474314.0
Psmb5,chr14:54001786-54002684,612333.0
Myh7,chr14:54001786-54002684,968898.0
Ap1g2,chr14:54001786-54002684,1096789.0
Pspc1,chr14:54001786-54002684,2718924.0
Ift88,chr14:59548812-59549661,2124750.0
Cab39l,chr14:59548812-59549661,107840.0
Atp8a2,chr14:59548812-59549661,89728.0
Spryd7,chr14:60533562-60534422,998431.0
Rnaseh2b,chr14:62585145-62585928,292556.0
Clu,chr14:65685126-65685982,283357.0
Ephx2,chr14:65685126-65685982,399248.0
Dock5,chr14:67536994-67537842,215141.0
Polr3d,chr14:70061732-70062480,377025.0
Rb1,chr14:73709321-73710220,525648.0
Esd,chr14:75235724-75236580,503427.0
Gpalpp1,chr14:76239554-76240431,153318.0
Nufip1,chr14:76239554-76240431,128663.0
Mtrf1,chr14:79487071-79487873,89299.0
Sugt1,chr14:79487071-79487873,100620.0
Mycbp2,chr14:102769568-102770417,343843.0
Tmtc4,chr14:122857701-122858515,61270.0
Rpl37,chr15:4220710-4221559,895935.0
Rai14,chr15:11749314-11750155,1180345.0
Tars,chr15:11749314-11750155,367013.0
Golph3,chr15:12362458-12363201,41008.0
Dnah5,chr15:28653921-28654813,450169.0
Mtdh,chr15:35302415-35303342,1219721.0
Matn2,chr15:35302415-35303342,995738.0
Cox6c,chr15:35302415-35303342,623471.0
Derl1,chr15:58517162-58518040,647660.0
Chrac1,chr15:73549366-73550174,458974.0
Zfp623,chr15:76099590-76100313,158638.0
Gm22107,chr15:78514312-78515207,673655.0
Eif3d,chr15:78514312-78515207,555314.0
Polr2f,chr15:78735353-78736267,405656.0
Mief1,chr15:80358653-80359534,124635.0
Polr3h,chr15:81252644-81253342,635584.0
Naga,chr15:82917362-82918170,587830.0
Ndufa6,chr15:82917362-82918170,567222.0
Pnpla3,chr15:84531263-84532100,363426.0
Fam118a,chr15:84531263-84532100,497685.0
Creld2,chr15:88998730-88999567,179084.0
Lmf2,chr15:88998730-88999567,352274.0
Rabl2,chr15:90123846-90124726,541313.0
Cpne8,chr15:90123846-90124726,363636.0
Kif21a,chr15:91018304-91019139,85028.0
Pdzrn4,chr15:93485516-93486433,1088635.0
Asb8,chr15:98628473-98629346,493836.0
Ddx23,chr15:98628473-98629346,16661.0
Spats2,chr15:98628473-98629346,497443.0
Cox14,chr15:100636472-100637356,910825.0
Galnt6,chr15:100636472-100637356,55341.0
Tarbp2,chr15:102998975-102999870,480783.0
Atp5g2,chr15:102998975-102999870,336111.0
Nubp1,chr16:10280020-10280896,131928.0
Rrn3,chr16:12824547-12825382,956161.0
Myh11,chr16:15520714-15521567,1326179.0
Thap7,chr16:17335976-17336781,192006.0
Lsg1,chr16:30475671-30476531,84823.0
Acap2,chr16:30475671-30476531,616741.0
Ppp1r2,chr16:30475671-30476531,775866.0
Wdr53,chr16:33829529-33830289,1582302.0
Iqcg,chr16:33829529-33830289,816846.0
Ccdc58,chr16:35710757-35711659,360928.0
Phldb2,chr16:45714325-45715242,31918.0
Ift57,chr16:50147717-50148573,448484.0
Filip1l,chr16:57359038-57359910,5945.0
Mrpl39,chr16:84681750-84682620,35826.0
Atp5j,chr16:84681750-84682620,146116.0
App,chr16:84681750-84682620,267935.0
Cyyr1,chr16:84681750-84682620,739783.0
Usp16,chr16:87729057-87729998,274354.0
Ifngr2,chr16:91313977-91314844,233095.0
Dnajc28,chr16:91313977-91314844,300277.0
Son,chr16:91313977-91314844,333529.0
Smim11,chr16:91313977-91314844,987309.0
Erg,chr16:94931436-94932366,427733.0
Spag6,chr2:18622978-18623899,71054.0
Phyh,chr2:5019379-5020305,100360.0
Optn,chr2:5019379-5020305,1263.0
Atp5c1,chr2:10023926-10024755,32090.0
Kin,chr2:10023926-10024755,56667.0
Rsu1,chr2:13175152-13176022,98331.0
Vim,chr2:13398768-13399643,175159.0
Apbb1ip,chr2:21269756-21270599,1504338.0
Ptgds,chr2:24755093-24755978,711616.0
Edf1,chr2:24755093-24755978,802754.0
Rabl6,chr2:24755093-24755978,827925.0
Egfl7,chr2:26503425-26504303,76589.0
Coq4,chr2:29820003-29820916,32510.0
BC005624,chr2:31995758-31996671,1023581.0
Gm22516,chr2:31995758-31996671,806067.0
Ass1,chr2:31995758-31996671,525551.0
Nup214,chr2:31995758-31996671,21322.0
Gsn,chr2:33353168-33354033,1903212.0
Lhx6,chr2:37768654-37769542,1686701.0
Ppp6c,chr2:38350589-38351494,843765.0
Orc4,chr2:51480231-51481128,2577407.0
Kif5c,chr2:51480231-51481128,1860933.0
Mmadhc,chr2:51480231-51481128,1200350.0
Slc4a10,chr2:62573038-62573878,526576.0
Gad1,chr2:71492693-71493625,939621.0
Tlk1,chr2:71492693-71493625,780286.0
Mettl8,chr2:71492693-71493625,528132.0
Dync1i2,chr2:71492693-71493625,280987.0
Cdca7,chr2:73125554-73126373,649395.0
Atp5g3,chr2:73847397-73848294,61050.0
Pde11a,chr2:75879530-75880404,109611.0
Neurod1,chr2:78579810-78580707,872711.0
Psmc3,chr2:91285822-91286574,231813.0
Mdk,chr2:91963235-91964128,33430.0
Eif3m,chr2:105719440-105720200,719784.0
Immp1l,chr2:105719440-105720200,185198.0
Ryr3,chr2:113015631-113016575,384276.0
Snap23,chr2:119816838-119817722,750833.0
Lcmt2,chr2:121413345-121414261,285038.0
Hypk,chr2:121413345-121414261,39945.0
Frmd5,chr2:121583358-121584045,37829.0
Bloc1s6,chr2:122558054-122558951,180449.0
Mrps5,chr2:125354676-125355482,2232546.0
Mal,chr2:125354676-125355482,2278550.0
Nphp1,chr2:125354676-125355482,2386056.0
Zc3h8,chr2:130653032-130653943,1726764.0
Ebf4,chr2:130653032-130653943,357863.0
Cpxm1,chr2:130653032-130653943,262257.0
Ddrgk1,chr2:130653032-130653943,928.0
Adam33,chr2:131126912-131127809,76321.0
Tmx4,chr2:134976510-134977435,382325.0
Snap25,chr2:137954587-137955488,1241134.0
Cst3,chr2:148408972-148409824,462750.0
Pygb,chr2:149951514-149952312,835221.0
Nsfl1c,chr2:151930203-151931047,436021.0
Rpn2,chr2:157362026-157362899,83009.0
Tox2,chr2:162976021-162976746,227104.0
Stau1,chr2:166650164-166650987,297385.0
Nfatc2,chr2:168343432-168344319,132978.0
Atp5e,chr2:174602937-174603847,141865.0
Gm14443,chr2:175136622-175137550,29633.0
Phactr3,chr2:178296943-178297829,177968.0
Psma7,chr2:179679553-179680417,356821.0
Mrgbp,chr2:180947594-180948414,366290.0
Gid8,chr2:180947594-180948414,237477.0
Chrna4,chr2:180947594-180948414,70786.0
Snx9,chr17:5804494-5805412,36835.0
Tmem181a,chr17:6000888-6001688,255972.0
Ezr,chr17:6000888-6001688,737153.0
Pde10a,chr17:8463249-8464140,62123.0
Phf10,chr17:12249666-12250554,2695343.0
Tbp,chr17:12249666-12250554,3250222.0
Zfp229,chr17:23677031-23677880,1946236.0
Thoc6,chr17:23677031-23677880,8417.0
Flywch2,chr17:23677031-23677880,99885.0
Srrm2,chr17:23677031-23677880,113501.0
Rnps1,chr17:24436867-24437789,22302.0
Msrb1,chr17:24436867-24437789,299775.0
Gng13,chr17:25520500-25521234,196671.0
Uqcc2,chr17:26595968-26596839,526695.0
Rps10,chr17:28290104-28291003,659686.0
Ppard,chr17:28290104-28291003,57404.0
Fance,chr17:28290104-28291003,23415.0
Fkbp5,chr17:28290104-28291003,108990.0
Cpne5,chr17:28769663-28770502,385893.0
Zfp870,chr17:31639454-31640291,1239765.0
Zfp414,chr17:35549273-35550183,1920183.0
Slc39a7,chr17:35549273-35550183,1521004.0
Clic5,chr17:43915931-43916837,218837.0
Cdc5l,chr17:45596740-45597610,204856.0
Rsph9,chr17:46050173-46050952,71862.0
Dlk2,chr17:46050173-46050952,247248.0
Mrpl2,chr17:46858346-46858986,212117.0
Rab31,chr17:67499992-67500868,1848263.0
Myl12a,chr17:70169772-70170602,823884.0
Spast,chr17:73817673-73818476,521314.0
Fez2,chr17:79068659-79069413,699447.0
Gpatch11,chr17:79068659-79069413,233092.0
Eif2ak2,chr17:79068659-79069413,216095.0
Plekhh2,chr17:84148556-84149463,363339.0
Mcfd2,chr17:87049389-87050062,205054.0
Calm2,chr17:87049389-87050062,384023.0
Kif5b,chr18:4907997-4908789,1293005.0
Rab18,chr18:4907997-4908789,1825908.0
Mpp7,chr18:4907997-4908789,2439962.0
Thoc1,chr18:10516725-10517645,558819.0
Tmem241,chr18:10976503-10977321,987947.0
Ankrd29,chr18:10976503-10977321,1275859.0
Osbpl1a,chr18:14478092-14478937,1722778.0
Ss18,chr18:14486973-14487879,137225.0
Pik3c3,chr18:30963915-30964725,691168.0
Nme5,chr18:34405594-34406342,157040.0
Hbegf,chr18:36541222-36542004,36295.0
Hars,chr18:36541222-36542004,225306.0
Rell2,chr18:37835340-37836092,119739.0
Ap3s1,chr18:45896507-45897428,845369.0
Commd10,chr18:45896507-45897428,1062309.0
Hsd17b4,chr18:49998334-49999201,129867.0
Snx2,chr18:53160598-53161484,15718.0
Gramd3,chr18:56608552-56609390,208215.0
Aldh7a1,chr18:56608552-56609390,98865.0
Rps14,chr18:60490945-60491852,256153.0
Grpel2,chr18:61874452-61875346,162028.0
Sh3tc2,chr18:61874452-61875346,78623.0
Fech,chr18:64471249-64472116,18335.0
Cep192,chr18:67989457-67990270,189350.0
Nfatc1,chr18:80605424-80606157,781.0
Mbp,chr18:82585077-82585976,109931.0
Rttn,chr18:90508036-90508824,1536246.0
Mrpl21,chr19:4971369-4972276,1688468.0
Cpt1a,chr19:4971369-4972276,1649035.0
Brms1,chr19:4971369-4972276,69985.0
Sf3b2,chr19:5161697-5162579,112235.0
Sart1,chr19:5521357-5522230,143834.0
Efemp2,chr19:5521357-5522230,47403.0
Rela,chr19:5521357-5522230,116126.0
Dnajc4,chr19:7152968-7153848,165057.0
Rcor2,chr19:7152968-7153848,114357.0
Taf6l,chr19:9878211-9879104,1103724.0
Tmem258,chr19:10416932-10417699,212918.0
Fam111a,chr19:10818184-10819072,1727556.0
Gm6563,chr19:23995611-23996530,319763.0
Fam189a2,chr19:23995611-23996530,22861.0
Smarca2,chr19:27134103-27134998,529053.0
Ak3,chr19:28464273-28464945,556560.0
Minpp1,chr19:34880859-34881741,2395090.0
Myof,chr19:37233574-37234457,665462.0
Hells,chr19:38783503-38784400,147412.0
Exosc1,chr19:41745741-41746654,176551.0
Hps1,chr19:41745741-41746654,1009364.0
Dnmbp,chr19:44245699-44246457,398878.0
Afap1l2,chr19:56877197-56878100,35164.0
Atrnl1,chr19:58076543-58077451,465509.0
Emx2,chr19:59043466-59044405,414906.0
Prdx3,chr19:59043466-59044405,1820585.0
Prex2,chr1:10570561-10571452,422904.0
Sulf1,chr1:12452742-12453658,239535.0
Terf1,chr1:15358185-15359074,447461.0
Tmem70,chr1:15358185-15359074,1307022.0
Sema4c,chr1:37676808-37677542,1128169.0
Mrpl30,chr1:38011756-38012570,121279.0
Eif5b,chr1:38011756-38012570,13746.0
Rev1,chr1:38011756-38012570,41030.0
Aff3,chr1:38154061-38154960,23265.0
Rpl31,chr1:39093033-39093875,274809.0
Tbc1d8,chr1:39093033-39093875,278459.0
Wdr75,chr1:45765897-45766772,29269.0
Dnah7b,chr1:45765897-45766772,300418.0
Als2,chr1:59535131-59535989,372205.0
Ica1l,chr1:59943720-59944594,38770.0
Wdr12,chr1:59943720-59944594,126065.0
Cyp20a1,chr1:59943720-59944594,399603.0
Pecr,chr1:72413990-72414870,154823.0
Xrcc5,chr1:72413990-72414870,106563.0
Rpl37a,chr1:72966087-72966980,254797.0
Arpc2,chr1:74098158-74099057,137926.0
Plcd4,chr1:74098158-74099057,444730.0
Dnajb2,chr1:75692806-75693717,456400.0
Farsb,chr1:77496536-77497392,921439.0
Sp100,chr1:85775906-85776780,125918.0
Ptma,chr1:86598319-86599143,71593.0
Lrrfip1,chr1:92376238-92377052,1377501.0
Ndufa10,chr1:92376238-92377052,62772.0
Capn10,chr1:93183989-93184822,249613.0
Kif1a,chr1:93183989-93184822,168525.0
Dtymk,chr1:93211406-93212222,581170.0
Ing5,chr1:93211406-93212222,592559.0
Ptpn4,chr1:119259279-119259938,393188.0
Dbi,chr1:119259279-119259938,854001.0
Tmem163,chr1:127430027-127430878,56519.0
R3hdm1,chr1:128551547-128552445,448246.0
Igfn1,chr1:135852057-135852983,101521.0
Tpr,chr1:151977326-151978158,1584488.0
Rgsl1,chr1:154065649-154066547,286268.0
Soat1,chr1:156558339-156559192,133814.0
Gm10176,chr1:162529424-162530291,51744.0
Prrc2c,chr1:162579071-162579951,91654.0
Kifap3,chr1:162579071-162579951,1200512.0
Atp1b1,chr1:164997463-164998240,560354.0
Mpc2,chr1:165634102-165634981,173465.0
Rgs7,chr1:174589346-174590263,469741.0
Fh1,chr1:174589346-174590263,1011028.0
Itpkb,chr1:180520016-180520889,189531.0
Sde2,chr1:180936440-180937187,85313.0
Cnih4,chr1:181172339-181173252,27646.0
Srp9,chr1:181878139-181879029,246598.0
Capn2,chr1:182483507-182484434,16247.0
Disp1,chr1:183167543-183168325,81277.0
Bpnt1,chr1:185572815-185573659,240666.0
Lyplal1,chr1:186390447-186391333,302716.0
Smyd2,chr1:190729342-190730256,848850.0
Nenf,chr1:191258851-191259754,47938.0
Impa1,chr3:9571999-9572891,739957.0
E2f5,chr3:14862579-14863455,283938.0
Car2,chr3:14862579-14863455,23694.0
Cp,chr3:19987809-19988645,30755.0
Fndc3b,chr3:28402102-28402859,985940.0
Pld1,chr3:28402102-28402859,463407.0
Fxr1,chr3:34080849-34081769,60906.0
Dnajc19,chr3:34080849-34081769,24829.0
Bbs7,chr3:36524273-36525135,48869.0
Gm22043,chr3:42218613-42219549,1225920.0
Elf2,chr3:51275800-51276693,23080.0
Ndufc1,chr3:51275800-51276693,128877.0
Ufm1,chr3:53756019-53756882,97357.0
Med12l,chr3:58054128-58055053,951697.0
Igsf10,chr3:58054128-58055053,1262607.0
Lxn,chr3:68245923-68246813,787925.0
Golim4,chr3:79956491-79957346,4081407.0
Gria2,chr3:80724943-80725855,43493.0
Plrg1,chr3:82725278-82726106,330244.0
Rps3a1,chr3:85714098-85714949,423842.0
Kirrel,chr3:86976263-86977179,102330.0
Ube2q1,chr3:87247039-87247918,2526577.0
Il6ra,chr3:87247039-87247918,2617020.0
Ubap2l,chr3:87247039-87247918,2753101.0
Slc39a1,chr3:87247039-87247918,3001133.0
Dennd4b,chr3:87247039-87247918,3018146.0
Snapin,chr3:93596960-93597861,3108934.0
S100a1,chr3:93596960-93597861,3085926.0
S100a13,chr3:93596960-93597861,3082525.0
Tdrkh,chr3:94366536-94367424,46737.0
Acp6,chr3:97509130-97509908,350353.0
Trim45,chr3:100635980-100636870,286222.0
Vangl1,chr3:102061918-102062894,91665.0
Dram2,chr3:107089788-107090655,541990.0
Kcnc4,chr3:107089788-107090655,348515.0
Scarna2,chr3:108721854-108722783,167516.0
Rnpc3,chr3:109568712-109569499,4036355.0
Trmt13,chr3:117664034-117664934,1082941.0
Dpyd,chr3:117664034-117664934,898095.0
Cnn3,chr3:121697000-121697805,270503.0
Arhgap29,chr3:121697000-121697805,255541.0
Bcar3,chr3:122365152-122366026,71016.0
Gm9396,chr3:130094927-130095849,26515.0
Ppp3ca,chr3:137512707-137513636,842583.0
Lamtor3,chr3:138083013-138083862,164507.0
Gtf2b,chr3:143100510-143101301,335465.0
Odf2l,chr3:144579731-144580644,538857.0
Bcl10,chr3:145705063-145705911,217741.0
Ssx2ip,chr3:146337664-146338566,66978.0
Ttll7,chr3:146908685-146909600,56318.0
Zranb2,chr3:157137249-157138120,396911.0
Ankrd13c,chr3:158137364-158138111,190125.0
Srsf11,chr3:158137364-158138111,126891.0
Ndufaf6,chr4:12247680-12248560,1196635.0
Rmdn1,chr4:19522797-19523636,52365.0
Manea,chr4:25725425-25726286,599081.0
Lyrm2,chr4:32872129-32873039,71876.0
Aco1,chr4:41029126-41030054,886045.0
Ndufb6,chr4:41029126-41030054,758535.0
Bag1,chr4:41029126-41030054,92728.0
Ubap2,chr4:41029126-41030054,165187.0
Sigmar1,chr4:41029126-41030054,709367.0
Tpm2,chr4:43434142-43434769,80569.0
Exosc3,chr4:45259096-45259912,57517.0
Nans,chr4:46450544-46451409,38704.0
Tgfbr1,chr4:47247567-47248381,105655.0
Alad,chr4:63977108-63977993,1467939.0
Col27a1,chr4:63977108-63977993,763104.0
Ptprd,chr4:75961732-75962679,20494.0
Frem1,chr4:82901687-82902618,3767.0
Ift74,chr4:95476156-95477039,861665.0
Raver2,chr4:101568601-101569483,499618.0
Wdr78,chr4:103321319-103322212,283254.0
Oma1,chr4:103321319-103322212,7507.0
Prpf38a,chr4:109231086-109232012,667914.0
Ccdc163,chr4:116781953-116782822,73444.0
Tmem125,chr4:118444804-118445620,96137.0
Macf1,chr4:123110660-123111388,238973.0
Sf3a3,chr4:124570782-124571668,143994.0
Psmb2,chr4:125756158-125757037,921472.0
Zbtb8os,chr4:129272458-129273328,63237.0
Hdac1,chr4:129272458-129273328,243646.0
Eif3i,chr4:129784875-129785764,192915.0
Col16a1,chr4:129971775-129972624,76065.0
Tinagl1,chr4:130245840-130246728,81386.0
Taf12,chr4:132474364-132475246,199989.0
Nudc,chr4:133479552-133480456,52990.0
Pdik1l,chr4:134623941-134624802,348939.0
Srrm1,chr4:135221627-135222513,98857.0
Rpl11,chr4:136324045-136324933,295780.0
Kdm1a,chr4:136722314-136723147,171774.0
Ephb2,chr4:136722314-136723147,74775.0
C1qb,chr4:136783479-136784376,96650.0
Hp1bp3,chr4:138597690-138598584,381394.0
Gm16287,chr4:138943465-138944346,231940.0
Akr7a5,chr4:139451256-139452168,140512.0
Slc25a34,chr4:141343355-141344212,275469.0
Fhad1,chr4:142339706-142340584,449268.0
Mthfr,chr4:148378204-148379060,339127.0
Fbxo2,chr4:148378204-148379060,217583.0
Kif1b,chr4:149395282-149396122,218963.0
Rpl22,chr4:152447886-152448812,122144.0
Chd5,chr4:152447886-152448812,109235.0
Atad3a,chr4:155959024-155959887,218383.0
Akap9,chr5:13628644-13629513,9700590.0
Dbf4,chr5:13628644-13629513,5231671.0
Pclo,chr5:14539454-14540197,24536.0
Gnai1,chr5:20293636-20294565,2028501.0
Kmt2e,chr5:23074503-23075260,359938.0
Actr3b,chr5:24960539-24961446,799458.0
Drc1,chr5:30388821-30389733,107433.0
Slc35f6,chr5:30388821-30389733,259112.0
Grk4,chr5:34606932-34607805,53447.0
Rgs12,chr5:35165874-35166776,216429.0
Afap1,chr5:35921389-35922279,28070.0
Rab28,chr5:42417548-42418398,792572.0
Lap3,chr5:43728274-43729087,1765100.0
Lcorl,chr5:43728274-43729087,1968907.0
Tbc1d19,chr5:53279210-53280101,530396.0
Lnx1,chr5:74949150-74949996,356703.0
Cep135,chr5:77806196-77807094,1217498.0
Igfbp7,chr5:77806196-77807094,456956.0
Dck,chr5:89727276-89728118,962280.0
Nup54,chr5:91363354-91364134,1052186.0
Mrpl1,chr5:96035949-96036772,173544.0
Bmp2k,chr5:97700286-97701190,702597.0
Helq,chr5:101051178-101052054,289033.0
Ptpn13,chr5:103803933-103804791,378741.0
Sparcl1,chr5:103845151-103846032,233960.0
Btbd8,chr5:107251495-107252408,186502.0
Rpl5,chr5:107251495-107252408,649007.0
Kctd10,chr5:114185735-114186561,177832.0
Msi1,chr5:115373700-115374611,55899.0
Cit,chr5:115887647-115888551,42369.0
Suds3,chr5:117146925-117147807,55245.0
Rbm19,chr5:119690811-119691726,425654.0
Clip1,chr5:123346057-123346914,231738.0
Denr,chr5:124350824-124351606,443649.0
Cct6a,chr5:129730074-129730939,56924.0
Srrm3,chr5:135845333-135846216,38443.0
Col26a1,chr5:136244472-136245364,497287.0
Gm15672,chr5:139216398-139217243,68822.0
Get4,chr5:139216398-139217243,35926.0
Nudt1,chr5:140388869-140389776,67213.0
Gna12,chr5:140633204-140634115,125204.0
Foxk1,chr5:142928862-142929730,527365.0
Zfp12,chr5:143346108-143346976,110945.0
Zdhhc4,chr5:143346108-143346976,29619.0
Rsph10b,chr5:143809265-143810193,123770.0
Pdap1,chr5:144108836-144109679,1019933.0
Wasf3,chr5:147034104-147034983,649119.0
Ppp1r9a,chr6:5010623-5011527,107706.0
Cav2,chr6:17110238-17111309,170947.0
Tspan12,chr6:22875136-22875975,1103741.0
Ndufa5,chr6:23966823-23967722,551843.0
Wasl,chr6:25086972-25087851,473167.0
Atp6v1f,chr6:30205339-30206235,737621.0
Cep41,chr6:30205339-30206235,448118.0
Akr1b3,chr6:34454230-34455088,151796.0
Ptn,chr6:36988491-36989403,273562.0
Zfp212,chr6:47942741-47943638,22265.0
Zfp467,chr6:47942741-47943638,484956.0
Zfp775,chr6:47942741-47943638,659322.0
Ccdc126,chr6:50300729-50301594,981455.0
Mpp6,chr6:50300729-50301594,190488.0
Lsm5,chr6:55617757-55618605,1083306.0
Abcg2,chr6:58603338-58604172,18815.0
Ndnf,chr6:65671149-65672005,441.0
Chmp3,chr6:72380010-72380893,836213.0
Mthfd2,chr6:83563561-83564330,257870.0
Mob1a,chr6:83563561-83564330,237545.0
Fam136a,chr6:86039955-86040807,325691.0
Snrnp27,chr6:86039955-86040807,635196.0
Antxr1,chr6:87856908-87857768,723055.0
Eogt,chr6:97144170-97145064,34146.0
Itpr1,chr6:106642798-106643679,1570298.0
Rad18,chr6:115504648-115505554,2884798.0
Atp2b2,chr6:115504648-115505554,1760817.0
Rassf4,chr6:116569733-116570608,63275.0
Cxcl12,chr6:117105008-117105851,63527.0
Zfp239,chr6:117552085-117552997,310015.0
Il17ra,chr6:120579784-120580696,116537.0
Cecr2,chr6:120604294-120605076,62075.0
Necap1,chr6:124693959-124694868,1819485.0
Chd4,chr6:125253827-125254742,157846.0
Tnfrsf1a,chr6:125253827-125254742,95535.0
Styk1,chr6:134387210-134388086,3088068.0
Grin2b,chr6:135679505-135680208,33728.0
Strap,chr6:136894527-136895404,840551.0
Recql,chr6:142862286-142863191,511944.0
Kras,chr6:147075479-147076300,1858780.0
Fgfr1op2,chr6:147075479-147076300,498276.0
Eps8l1,chr7:3442246-3443059,1018428.0
Fiz1,chr7:3442246-3443059,1564813.0
Zfp606,chr7:12010175-12011083,468118.0
Rps5,chr7:12010175-12011083,912115.0
Ccdc9,chr7:16729561-16730345,455519.0
Sae1,chr7:16729561-16730345,409327.0
Fkrp,chr7:16729561-16730345,79685.0
Mark4,chr7:19849328-19850227,424553.0
Rps19,chr7:25788218-25789115,903847.0
Tmem145,chr7:25788218-25789115,482112.0
Zfp420,chr7:30012738-30013619,152759.0
Gm5113,chr7:30012738-30013619,157137.0
U2af1l4,chr7:30820530-30821433,257229.0
Cox6b1,chr7:30820530-30821433,203669.0
Mag,chr7:30820530-30821433,78646.0
Pdcd5,chr7:35714516-35715513,72534.0
Ccne1,chr7:35714516-35715513,2383468.0
Etfb,chr7:45091814-45092611,1647731.0
Iglon5,chr7:45091814-45092611,1618910.0
Ctu1,chr7:45091814-45092611,1419798.0
Vrk3,chr7:45091814-45092611,343401.0
Fcgrt,chr7:45091814-45092611,1176.0
Pih1d1,chr7:45091814-45092611,62489.0
Cd37,chr7:45091814-45092611,141818.0
Mtag2,chr7:45091814-45092611,274349.0
Grin2d,chr7:45091814-45092611,740069.0
Zdhhc13,chr7:48880760-48881573,91757.0
Luzp2,chr7:56500090-56500906,1664592.0
Atp10a,chr7:58746636-58747389,90470.0
Tarsl2,chr7:65680817-65681671,35919.0
Det1,chr7:79123204-79124068,301657.0
Ngrn,chr7:80202197-80202968,59018.0
Pde8a,chr7:81154813-81155670,58783.0
Fah,chr7:83094864-83095593,1490295.0
Ccdc90b,chr7:92125584-92126488,435565.0
Mrpl48,chr7:100387966-100388876,157785.0
Arap1,chr7:100767259-100768115,580808.0
Rnf121,chr7:102369375-102370243,350238.0
Nup98,chr7:102369375-102370243,249977.0
Lmo1,chr7:109189451-109190244,50879.0
Mrvi1,chr7:110779403-110780332,88863.0
Arl6ip1,chr7:117929362-117930124,189529.0
Thumpd1,chr7:120103216-120103878,388123.0
Nsmce1,chr7:125603038-125603944,135398.0
Nfatc2ip,chr7:126080705-126081449,302149.0
Eif3c,chr7:126080705-126081449,465750.0
Doc2a,chr7:126080705-126081449,766711.0
Gm21984,chr7:126080705-126081449,861439.0
Kif22,chr7:126080705-126081449,947024.0
Dctpp1,chr7:126080705-126081449,1176254.0
Ate1,chr7:130340235-130341067,51258.0
Nsmce4a,chr7:130340235-130341067,192291.0
Htra1,chr7:130892710-130893560,43401.0
Glrx3,chr7:137714082-137714858,276468.0
Bnip3,chr7:138909166-138910056,18330.0
Zfp511,chr7:140060956-140061831,24565.0
Fuom,chr7:140060956-140061831,35814.0
Sirt3,chr7:140955969-140956751,92303.0
Ifitm10,chr7:142487094-142487966,161257.0
Mrpl23,chr7:142487094-142487966,45592.0
Cars,chr7:144050309-144051227,493079.0
Nadsyn1,chr7:144050309-144051227,254725.0
Pnpla6,chr8:6043690-6044587,2528306.0
Trappc5,chr8:6043690-6044587,2367391.0
Timm44,chr8:6043690-6044587,1783959.0
Cul4a,chr8:13411344-13412232,305723.0
Rasa3,chr8:13693800-13694571,126852.0
Cdc16,chr8:13693800-13694571,63876.0
Fbxo25,chr8:13693800-13694571,214003.0
Mcph1,chr8:18758029-18758906,162898.0
Vps36,chr8:23207974-23208860,1015165.0
Letm2,chr8:24973740-24974659,604750.0
Ddhd2,chr8:24973740-24974659,751606.0
Erlin2,chr8:26961116-26962022,62145.0
Gtf2e2,chr8:37215879-37216796,3484046.0
B230317F23Rik,chr8:60645808-60646389,337629.0
Psd3,chr8:68205282-68206102,516200.0
Zfp869,chr8:70666784-70667644,964128.0
Slc25a42,chr8:70666784-70667644,482444.0
Ell,chr8:70666784-70667644,127327.0
Rpl18a,chr8:70666784-70667644,227938.0
Pgls,chr8:71562522-71563433,29654.0
Tpm4,chr8:71728973-71729709,401201.0
Klf2,chr8:71728973-71729709,590060.0
Slc35e1,chr8:71728973-71729709,751668.0
Hhip,chr8:79297503-79298399,668348.0
Inpp4b,chr8:83165309-83166062,1822753.0
Zfp330,chr8:83165309-83166062,401702.0
Ndufb7,chr8:83165309-83166062,401362.0
Gcdh,chr8:84933555-84934394,47162.0
Vps35,chr8:84933555-84934394,326837.0
Itfg1,chr8:86273541-86274446,555963.0
Lonp2,chr8:86351560-86352465,272483.0
Fam192a,chr8:94801489-94802348,227351.0
Ccdc113,chr8:95542734-95543640,8649.0
Cdh5,chr8:103288229-103289147,813396.0
Ldhd,chr8:111582327-111583118,41458.0
Cntnap4,chr8:111731712-111732600,838331.0
Cmip,chr8:117378891-117379740,121827.0
Mphosph6,chr8:117818653-117819500,27008.0
Cox4i1,chr8:120532493-120533297,135729.0
Car5a,chr8:121697313-121698193,218813.0
Spg7,chr8:122834714-122835586,228228.0
Rpl13,chr8:122834714-122835586,267636.0
Tcf25,chr8:123730027-123730811,356274.0
Nup133,chr8:123730027-123730811,167096.0
Phxr4,chr9:14574727-14575594,1143366.0
Cwc15,chr9:14574727-14575594,74110.0
Zfp846,chr9:22793339-22794199,2212048.0
Dnmt1,chr9:22793339-22794199,1886130.0
Smarca4,chr9:22793339-22794199,1177170.0
Prkcsh,chr9:22793339-22794199,790533.0
Cnn1,chr9:22793339-22794199,694123.0
Ncapd3,chr9:26977523-26978439,52652.0
Fli1,chr9:32204224-32205105,217980.0
Dcps,chr9:34957754-34958704,166654.0
Foxred1,chr9:35330932-35331845,126726.0
Cdon,chr9:35402338-35403232,18790.0
Ei24,chr9:37593678-37594465,814519.0
Nrgn,chr9:37593678-37594465,49186.0
Vwa5a,chr9:38718870-38719615,602.0
AW551984,chr9:39602414-39603304,15018.0
Gm10687,chr9:44305320-44306231,183134.0
Trappc4,chr9:44494909-44495635,91211.0
Tmem25,chr9:44734872-44735768,58897.0
Kmt2a,chr9:44734872-44735768,68483.0
Cep164,chr9:45291588-45292332,475358.0
Atm,chr9:53967503-53968403,528354.0
Acsbg1,chr9:54981210-54982026,376333.0
Scaper,chr9:54981210-54982026,568669.0
Snupn,chr9:56589485-56590357,361393.0
Man2c1,chr9:56589485-56590357,541205.0
Cd276,chr9:58850679-58851559,326381.0
Map2k5,chr9:62972183-62973101,191585.0
Snapc5,chr9:63823121-63824048,356153.0
Aph1b,chr9:66322131-66323032,453071.0
Rps27l,chr9:66322131-66323032,623955.0
Tln2,chr9:66322131-66323032,894956.0
Myo1e,chr9:69453162-69454027,754188.0
Nedd4,chr9:72699799-72700762,37453.0
Myo5a,chr9:75247592-75248489,176577.0
Gnb5,chr9:75247592-75248489,58696.0
Hmgcll1,chr9:75247592-75248489,767263.0
D430036J16Rik,chr9:80694804-80695685,936747.0
Phip,chr9:83861111-83862018,994952.0
Hmgn3,chr9:83861111-83862018,751163.0
Tpbg,chr9:86638591-86639504,796211.0
Snap91,chr9:86638591-86639504,127332.0
Mthfs,chr9:91361545-91362412,2150869.0
Morf4l1,chr9:91361545-91362412,1269880.0
Trpc1,chr9:96445067-96445922,739985.0
Pik3cb,chr9:97762678-97763522,1273976.0
Cep70,chr9:97762678-97763522,1480689.0
Slc35g2,chr9:102192856-102193685,1640668.0
Cep63,chr9:102211476-102212317,373112.0
Nphp3,chr9:103584766-103585496,417778.0
Acad11,chr9:103584766-103585496,478611.0
Alas1,chr9:107576441-107577353,1342986.0
Slc38a3,chr9:107659375-107660268,8741.0
Slc25a20,chr9:108949387-108950243,287299.0
Arpp21,chr9:112291669-112292520,226578.0
Itga9,chr9:119667674-119668505,1060984.0
Plcd1,chr9:119667674-119668505,596147.0
Mobp,chr9:119667674-119668505,482033.0
Nktr,chr9:121247940-121248812,471229.0
Zfp105,chr9:122273608-122274397,649464.0
Praf2,chrX:11463358-11464195,3734919.0
Pqbp1,chrX:11463358-11464195,3568839.0
Mid1ip1,chrX:11463358-11464195,748345.0
Med14,chrX:11481799-11482692,1193570.0
Fundc1,chrX:17547076-17547997,9488.0
Ndufb11,chrX:17547076-17547997,3068250.0
Lonrf3,chrX:48284543-48285136,11956190.0
Nkap,chrX:48284543-48285136,11157748.0
Tmem255a,chrX:48284543-48285136,10087970.0
Thoc2,chrX:48284543-48285136,6489552.0
Slc25a14,chrX:48284543-48285136,338870.0
Rbmx2,chrX:48284543-48285136,410461.0
C430049B03Rik,chrX:48284543-48285136,4770503.0
Mcf2,chrX:71294012-71294902,11238056.0
Gm14698,chrX:71294012-71294902,2472919.0
Mamld1,chrX:71294012-71294902,243772.0
Mtmr1,chrX:71294012-71294902,70748.0
Cetn2,chrX:71294012-71294902,1619520.0
Haus7,chrX:71294012-71294902,2143303.0
Abcd1,chrX:71294012-71294902,2422585.0
Plxna3,chrX:71294012-71294902,3035054.0
Vbp1,chrX:71294012-71294902,4220287.0
Zc3h12b,chrX:99198871-99199731,3487193.0
Tmem28,chrX:99853077-99853966,32056.0
Pdzd11,chrX:101273664-101274555,650781.0
Pin4,chrX:101942184-101943095,177263.0
Cox7b,chrX:106170881-106171756,155181.0
Zfp711,chrX:106170881-106171756,6429645.0
Plp1,chrX:135841814-135842552,980857.0
Prps1,chrX:143063693-143064543,2607080.0
Rragb,chrX:152002763-152003471,1137218.0
Klf8,chrX:152002763-152003471,1234703.0
Acot9,chrX:152002763-152003471,3259680.0
Cnksr2,chrX:161024171-161025028,3202735.0
Map7d2,chrX:161024171-161025028,1609599.0
Sh3kbp1,chrX:161024171-161025028,1396899.0
Cdkl5,chrX:161024171-161025028,252248.0
Syap1,chrX:162527048-162527922,330009.0
Zrsr2,chrX:162527048-162527922,1408395.0
Msl3,chrX:169927038-169927943,1272921.0
Arhgap6,chrX:169927038-169927943,1131939.0
